<?xml version="1.0" encoding="UTF-8"?><PlanDefinition xmlns="http://hl7.org/fhir"><id value="IMMZD2DTMeaslesCI"/><meta><profile value="http://hl7.org/fhir/uv/cpg/StructureDefinition/cpg-recommendationdefinition"/></meta><extension url="http://hl7.org/fhir/uv/cpg/StructureDefinition/cpg-knowledgeCapability"><valueCode value="computable"/></extension><url value="http://smart.who.int/ig/smart-immunizations-measles-rwa/PlanDefinition/IMMZD2DTMeaslesCI"/><version value="0.1.0"/><name value="IMMZD2DTMeaslesContraindication"/><title value="IMMZ.D2.DT.Measles.Contraindication"/><type><coding><system value="http://terminology.hl7.org/CodeSystem/plan-definition-type"/><code value="eca-rule"/></coding></type><status value="draft"/><experimental value="false"/><date value="2023-10-25T12:36:41+00:00"/><publisher value="MOH RWA"/><contact><name value="MOH RWA"/><telecom><system value="url"/><value value="http://who.int"/></telecom></contact><description value="Check contraindications for Measles vaccine"/><library value="http://smart.who.int/ig/smart-immunizations-measles/Library/IMMZD2DTMeasles"/><action><title value="Check Contraindication for Measles Immunization"/><description value="Contraindication for measles immunization"/><condition><kind value="applicability"/><expression><description value="MCV Dose Contraindicated"/><language value="text/cql-identifier"/><expression value="MCV Dose Contraindicated"/></expression></condition><type><coding><code value="update"/></coding></type><definitionCanonical value="http://smart.who.int/ig/smart-immunizations-measles-rwa/ActivityDefinition/IMMZD2DTMeaslesCIMR"/></action><action><title value="Evaluate Contraindication for Measles"/><description value="Provide further evaluation for measles contraindication"/><condition><kind value="applicability"/><expression><description value="Contraindication Evaluation of the MCV dose"/><language value="text/cql-identifier"/><expression value="Contraindication Evaluation of the MCV dose"/></expression></condition><definitionCanonical value="http://smart.who.int/ig/smart-immunizations-measles-rwa/ActivityDefinition/IMMZD2DTMeaslesEval"/></action></PlanDefinition>