{"resourceType":"Basic","id":"EPIManager","meta":{"profile":["http://worldhealthorganization.github.io/smart-base/StructureDefinition/SGPersona"]},"text":{"status":"generated","div":"<div xmlns=\"http://www.w3.org/1999/xhtml\"><table class=\"grid\"><tr><td><b>Actor: Expanded Programme on Immunization (EPI) Manager</b></td><td>Healthcare Worker</td><td>Type: person</td></tr><tr><td colspan=\"3\"/></tr></table></div>"},"extension":[{"url":"http://hl7.org/fhir/5.0/StructureDefinition/extension-ActorDefinition.url","valueUri":"http://smart.who.int/ig/smart-immunizations-measles-rwa/ActorDefinition/EPIManager"},{"url":"http://hl7.org/fhir/5.0/StructureDefinition/extension-ActorDefinition.version","valueString":"0.1.0"},{"url":"http://hl7.org/fhir/5.0/StructureDefinition/extension-ActorDefinition.name","valueString":"Expanded Programme on Immunization (EPI) Manager"},{"url":"http://hl7.org/fhir/5.0/StructureDefinition/extension-ActorDefinition.title","valueString":"Healthcare Worker"},{"url":"http://hl7.org/fhir/5.0/StructureDefinition/extension-ActorDefinition.status","valueCode":"draft"},{"url":"http://hl7.org/fhir/5.0/StructureDefinition/extension-ActorDefinition.experimental","valueBoolean":false},{"url":"http://hl7.org/fhir/5.0/StructureDefinition/extension-ActorDefinition.date","valueDateTime":"2023-10-25T12:36:41+00:00"},{"url":"http://hl7.org/fhir/5.0/StructureDefinition/extension-ActorDefinition.publisher","valueString":"MOH RWA"},{"url":"http://hl7.org/fhir/5.0/StructureDefinition/extension-ActorDefinition.contact","valueContactDetail":{"name":"MOH RWA","telecom":[{"system":"url","value":"http://who.int"}]}},{"url":"http://hl7.org/fhir/5.0/StructureDefinition/extension-ActorDefinition.description","valueMarkdown":"Responsible for: developing annual and multi-annual plans; immunization communication and mobilization; management of logistics, the cold chain, and vaccines; monitoring, supervision and evaluation of immunization services; and coordination of EPI activities at the national and subnational levels."},{"url":"http://hl7.org/fhir/5.0/StructureDefinition/extension-ActorDefinition.type","valueCode":"person"}],"identifier":[{"value":"EPIM"}],"code":{"coding":[{"system":"http://hl7.org/fhir/fhir-types","code":"ActorDefinition"}]}}